review,label
"This product quality is very good and worth the price",1
"I am satisfied with this purchase and delivery was fast",1
"Excellent build quality and performance",1
"Battery backup is decent and works as expected",1
"Product matches the description perfectly",1
"Good value for money, would recommend",1
"Nice packaging and genuine product",1
"Customer support was helpful and responsive",1
"Using this product for 2 months, no issues so far",1
"Sound quality is clear and loud",1
"Very useful for daily use",1
"Comfortable to use and lightweight",1
"Material feels strong and durable",1
"Product arrived on time and in good condition",1
"Works fine and installation was easy",1
"Design looks premium and elegant",1
"Camera quality is average but acceptable",1
"Display is bright and clear",1
"Charging speed is good",1
"Overall a good experience",1
"This is the best product I have ever bought buy now buy now",0
"Excellent excellent excellent must buy five stars",0
"Super amazing unbelievable product buy immediately",0
"Worst product fake seller totally fraud",0
"I got free gift for giving five star review",0
"Best product in the universe no doubt",0
"Do not trust this product totally useless",0
"This product changed my life unbelievable",0
"Five stars without even using the product",0
"Very very very good very nice very best",0
"Seller asked me to post positive review",0
"Completely fake reviews everywhere",0
"Terrible product waste of money scam",0
"I am writing review without buying",0
"Fake product do not buy at any cost",0
"Outstanding unbelievable miracle product",0
"Worst worst worst never buy",0
"Giving review for cashback offer",0
"Product broke in one day fraud seller",0
"Rating five star for reward points",0
"Nice product but delivery was delayed",1
"Average performance but acceptable for price",1
"Product is okay not too good not too bad",1
"Works fine but battery drains quickly",1
"Quality is decent for this range",1
"Not satisfied completely but usable",1